School Name,Turn Around Time,Ranking ,University Acceptance Rate,Last Quaification,GPA,Cost of Living,Cost Of Tution,Application Fees,PTE,IELTS,TOEFL,DUOLINGO,Education Type
Arizona State University,2-3 Weeks,#105,89.80%,,70.00%,14718,32870.00  ,$0.00 ,59,6.5,79,105,Bachelors
University of Arizona,3-4 Weeks,#285,85.66%,,70.00%,15000,39600,$85.00 ,53,6.5,79,105,Bachelors
Simmons University (in partnership with Kaplan International),5 Weeks,#151,76%,,70.00%,18422,44208,$0.00 ,60,6.5,83,105,Bachelors
University of Houston,4 Weeks,#641,65.50%,,70.00%,12000,29714,$90.00 ,,6.5,79,105,Bachelors
University of Iowa,4-5 Weeks,#491,86%,,80.00%,11780,32488,$80.00 ,,6.5,80,105,Bachelors
University of South Florida,3-4 Weeks,#89,44%,,77.00%,12622,17324.00  ,$30.00 ,,,,,Bachelors
University of Utah,2-3 Weeks,#441,95%,,70.00%,12634,31810,$0.00 ,,6.5,80,105,Bachelors
University of Massachusetts Boston,2-3 Weeks,#216, 79%,,63.00%,16000,34648.00  ,$0.00 ,50,6,79,100,Bachelors
University of New Mexico - Albuquerque,5 Weeks,#236,97.30%,,63.00%,10090,27166,$50.00 ,47,6,68,95,Bachelors
University of Illinois at Chicago,4 Weeks,#82,78.80%,,70.00%,20460,34816.00  ,$0.00 ,54,6.5,80,,Bachelors
Nova Southeastern University,3-4 Weeks,#227,92%,,70.00%,11200,34500,$0.00 ,54,6,79,105,Bachelors
Washington State University - Pullman,2-3 Weeks,#419,85.80%,,65.00%,12114,27630,$70.00 ,56,6.5,75,105,Bachelors
University of Tennessee Knoxville,5 Weeks,#105,59.40%,,50.00%,12000,29522,$50.00 ,53,6.5,70,100,Bachelors
Alma College,2-3 Weeks,#7,65%,,70.00%,17166,47160,$0.00 ,,6.5,79,100,Bachelors
Oklahoma State University - Stillwater,5 Weeks,#185,68.40%,,70.00%,47191,29440,$90.00 ,44,5.5,61,,Bachelors
University of New York (SUNY) at Albany,4 Weeks,#133,68%,,70.00%,15430,24910,$50.00 ,53,6.5,79,110,Bachelors
Iowa State University,3-4 Weeks,#400,91.10%,,70.00%,16529,24862.00  ,$65.00 ,48,6,71,100,Bachelors
SUNY Polytechnic Institute - Albany,2-3 Weeks,#25,82%,,80.00%,6360,16980,$50.00 ,,7.5,,100,Bachelors
California State University - Sacramento,5 Weeks,#18,93.70%,,80.00%,30000,16164.00  ,$70.00 ,50,6,64,95,Bachelors
University of Connecticut (in partnership with Kaplan International),2-3 Weeks,#444,55.60%,,70.00%,18348,37074,$0.00 ,,6.5,79,100,Bachelors
American University,5 Weeks,#12,41%,,77.00%,19000,48308,$0.00 ,50,6,74,100,Bachelors
University of South Carolina,4 Weeks,#124,61.60%,,77.00%,18880,35158,$0.00 ,54,6.5,77,115,Bachelors
University of Kansas - Lawrence,3-4 Weeks,#151,92.50%,,70.00%,10100,26960,$85.00 ,53,6.5,79,,Bachelors
Northeastern Illinois University,2-3 Weeks,#139,62.10%,,63.00%,14000,25857,$0.00 ,44,6,61,95,Bachelors
 Rochester Institute of Technology,3-4 Weeks,#98,71.40%,,70.00%,15000,53720,$65.00 ,58,6.5,79,105,Bachelors
 University of Idaho,2-3 Weeks,#185,81.40%,,63.00%,13516,27932.00  ,$50.00 ,48,6,70,100,Bachelors
Kent State University - Kent,2-3 Weeks,#227,87.30%,,63.00%,12412,21259.41,$70.00 ,48,6,71,100,Bachelors
Portland State University (PSU),3-4 Weeks,#280,93%,,63.00%,16194,27900,$60.00 ,53,6,71,110,Bachelors
 St. Francis College,5 Weeks,#597,85.20%,,50.00%,18000,27460,$0.00 ,50,6,70,95,Bachelors
New Jersey Institute of Technology,4 Weeks,#86,69.10%,,70.00%,14200,31658,$75.00 ,,6,79,100,Bachelors
Louisiana State University,4-5 Weeks,#801,70.90%,,77.00%,16600,30900.00  ,$0.00 ,59,6.5,79,100,Bachelors
Northern Arizona University - Flagstaff Mountain,3-4 Weeks,#249,78.40%,,65.00%,12000,28600,$50.00 ,,6,70,95,Bachelors
Florida Atlantic University,2-3 Weeks,#209,78%,,70.00%,14840,17324,$0.00 ,55,6.5,80,105,Bachelors
Miami University - Oxford,2-3 Weeks,#133,88.60%,,60.00%,15080,38493,$0.00 ,53,6.5,80,110,Bachelors
University of Wisconsin - Stout,5 Weeks,#67,91.40%,,77.00%,9933,18224,$0.00 ,48,6,70,95,Bachelors
Hofstra University,4 Weeks,#185,67.80%,,77.00%,20100,47510,$0.00 ,53,6.5,80,120,Bachelors
University of Nevada (UNLV) - Las Vegas,3-4 Weeks,#269,83.50%,,70.00%,19408,27021,$95.00 ,44,6,61,95,Bachelors
University of Central Florida - Main Campus,2-3 Weeks,#133,36.40%,,50.00%,15804,22467,$31.00 ,,6.5,80,,Bachelors
Auburn University,5 Weeks,#593,44%,,70.00%,11800,35000,$0.00 ,53,6.5,79,,Bachelors
Western Washington University,2-3 Weeks,#24,96%,,63.00%,13838,25838.00  ,$0.00 ,62,6.5,79,,Bachelors
Montana State University,5 Weeks,#303,73%,,63.00%,10300,25850.00  ,$38.00 ,48,6,71,110,Bachelors
East Carolina University,4 Weeks,#195,93.90%,,63.00%,18659,23793,$75.00 ,,6.5,71,105,Bachelors
San Francisco State University,3-4 Weeks,#178,92.90%,,63.00%,18270,18018,$70.00 ,45,6,61,,Bachelors
 Western Michigan University - Kalamazoo,2-3 Weeks,#304,82.80%,,63.00%,14669,18254,$100.00 ,48,6,71,100,Bachelors
California State University - Northridge,5 Weeks,#93,68%,,77.00%,16000,16594,$70.00 ,50,6,61,95,Bachelors
University of Dayton,2-3 Weeks,#133,80.60%,,70.00%,20305,42900,$0.00 ,50,6,70,100,Bachelors
University of South Dakota,5 Weeks,#269,87%,,63.00%,8212,12942.00  ,$20.00 ,48,6,71,105,Bachelors
Central Michigan University,4 Weeks,#260,77.10%,,63.00%,14669,19200.00  ,$55.00 ,53,6.5,79,100,Bachelors
Cleveland State University,3-4 Weeks,#320,91.30%,,60.00%,12100,18883,$0.00 ,50,6,78,100,Bachelors
 University of Nebraska Omaha,2-3 Weeks,#304,87.20%,,60.00%,13592,25260,$45.00 ,44,6,61,95,Bachelors
Western Kentucky University,3-4 Weeks,#361,98.50%,,63.00%,10750,27648.00  ,$75.00 ,52,6,71,,Bachelors
Sonoma State University,2-3 Weeks,#27,93.70%,,70.00%,12000,17654,$70.00 ,47,6,61,95,Bachelors
James Madison University,4 Weeks,#124,86.30%,,63.00%,14216,24974.00  ,$0.00 ,58,6.5,80,105,Bachelors
"California State University, Long Beach",3-4 Weeks,#105,46.90%,,77.00%,16366,16338,$70.00 ,43,6,61,105,Bachelors
California State University Monterey Bay,2-3 Weeks,#14,92.80%,,62.00%,16100,16647,$70.00 ,45,6,61,95,Bachelors
Embry-Riddle Aeronautical University - Daytona Beach Campus,3-4 Weeks,#6.,65%,,70.00%,13574,38976,$50.00 ,,6,79,105,Bachelors
Pace University (in partnership with Kaplan International) - New York City,2-3 Weeks, #249,,,63.00%,19000,44713,$0.00 ,52,6.5,78,115,Bachelors
Louisiana Tech University,4 Weeks,#304,65.80%,,63.00%,8820,12294,$30.00 ,,6.5,79,100,Bachelors
Wichita State University,3-4 Weeks,#332,91.10%,,63.00%,12000,16208,$75.00 ,49,6,72,100,Bachelors
East Tennessee State University,2-3 Weeks,#320,87.40%,,63.00%,9232,30500,$35.00 ,,5.5,61,85,Bachelors
Middle Tennessee State University,3-4 Weeks,#304,73%,,70.00%,12000,29858,$30.00 ,,5.5,61,85,Bachelors
"California State University, Chico",2-3 Weeks,#16,85.50%,,70.00%,11314,19008.00  ,$70.00 ,47,6,61,,Bachelors
California State University East Bay,4 Weeks,#280,82.40%,,70.00%,21375,16509,$70.00 ,,6,61,,Bachelors
 Illinois State University,3-4 Weeks,#209,,,77.00%,14500,29961.5,$83.00 ,53,6.5,79,105,Bachelors
"California State University, San Marcos",2-3 Weeks,#28,93.30%,,63.00%,20644,18628.26,$150.00 ,50,5.5,61,95,Bachelors
 Arkansas State University,4 Weeks,#361,63.30%,,60.00%,10600,13058.82,$50.00 ,43,5.5,61,,Bachelors
"California State University, Bakersfield",3-4 Weeks,#34,85%,,63.00%,13000,15388.14,$125.00 ,43,5.5,61,95,Bachelors
Murray State University,2-3 Weeks,#31,85.20%,,60.00%,11206,13998.6,$75.00 ,45,5.5,61,90,Bachelors
"California State University, San Bernardino",5 Weeks,#170,91%,,63.00%,12822,17488.89,$120.00 ,43,5.5,61,95,Bachelors
Pittsburg State University,2-3 Weeks,#96,93.60%,,63.00%,9196,19152.12,$60.00 ,47,6,68,100,Bachelors
St. Cloud State University,5 Weeks,#76,94.30%,,63.00%,10428,10784.47,$40.00 ,44,5.5,61,90,Bachelors
 California State University Channel Islands,4 Weeks,#28,93%,,70.00%,13442,17789.35,$70.00 ,46,6,61,95,Bachelors
Austin Peay State University - Clarksville Campus,3-4 Weeks,#33,93.40%,,50.00%,16230,15458.54,$55.00 ,52,5.5,61,85,Bachelors
Saginaw Valley State University,2-3 Weeks,#120,78%,,65.00%,9250,21641.92,$30.00 ,45,5.5,61,85,Bachelors
Midwestern State University (MSU Texas),2-3 Weeks,#52,94.60%,,63.00%,9780,15748.41,$50.00 ,53,6,79,100,Bachelors
Southwest Minnesota State University,3-4 Weeks,#103,91%,,63.00%,8892,10122,$30.00 ,47,5.5,61,95,Bachelors
Northwest Missouri State University,5 Weeks,#76,80%,,60.00%,7200,14684.79,$75.00 ,44,5.5,61,95,Bachelors
Plymouth State University,4 Weeks,#130,91.70%,,63.00%,15961,23056.56,$75.00 ,,6,71,100,Bachelors
State University of New York (SUNY) at Plattsburgh,4-5 Weeks,#54,68%,,63.00%,15380,16980,$50.00 ,54,6.5,76,110,Bachelors
University of Minnesota Duluth,3-4 Weeks,#21,79.50%,,50.00%,13182,20191.36,$50.00 ,55,6.5,80,105,Bachelors
Queens College of The City University of New York,3-4 Weeks,#45,69%,,77.00%,19127,17809.59,$0.00 ,44,6,61,95,Bachelors
The University of Tulsa (TU),4 Weeks,#195,75.20%,,50.00%,12816,46932,$0.00 ,48,6,70,105,Bachelors
Quinnipiac University,3-4 Weeks,#170,88.10%,,70.00%,15950,45251.47,$65.00 ,,6.5,85,105,Bachelors
University of the Pacific - Stockton,5 Weeks,#142,79.30%,,70.00%,16207,52615.65,$0.00 ,54,6.5,80,110,Bachelors
DePaul University,4 Weeks,#151,69.40%,,63.00%,18500,37081.47,$145.00 ,53,6.5,80,115,Bachelors
University of Northern Iowa (UNI),4-5 Weeks, #11.,86%,,75.00%,14160,21108.00  ,$75.00 ,52,6,79,105,Bachelors
Adelphi University,4-5 Weeks,#163,77.50%,,70.00%,21000,40210.3,$0.00 ,54,6.5,80,110,Bachelors
Duquesne University,3-4 Weeks,#151,84%,,63.00%,21360,39317.03,$0.00 ,48,6,70,95,Bachelors
University of West Florida - Pensacola,3-4 Weeks,#27,52.80%,,77.00%,13000,15577.55,$150.00 ,50,6,71,95,Bachelors
Seattle University,4 Weeks,#163,82.10%,,70.00%,16000,40457.42,$60.00 ,63,6.5,86,110,Bachelors
 University of St. Thomas (Minnesota),3-4 Weeks,#201,75.50%,,63.00%,12619,50788.01,$0.00 ,53,6.5,80,105,Bachelors
New York Institute of Technology - New York (NYIT),5 Weeks,#21,80.40%,,70.00%,20400,36146.22,$50.00 ,53,6,79,105,Bachelors
University of Central Arkansas,4 Weeks,#394,92.40%,,63.00%,14689,8878.6,$50.00 ,50,6,61,,Bachelors
Purdue University Northwest,4-5 Weeks,#122,76.40%,,60.00%,15000,16276.84,$75.00 ,,6.5,79,100,Bachelors
Hope College,3-4 Weeks,#100,80%,,70.00%,14015,39940.62,$0.00 ,58,6.5,79,105,Bachelors
Stetson University,4 Weeks,#4.,91.60%,,50.00%,14500,53164.52,$50.00 ,,6,79,95,Bachelors
Gonzaga University,3-4 Weeks,#93,76.20%,,70.00%,12790,45432.27,$0.00 ,56,6.5,80,120,Bachelors
University of New Haven,5 Weeks,#87,94.10%,,63.00%,17414,32086.52,$50.00 ,53,6,75,100,Bachelors
Eastern Washington University,4 Weeks,#49,97.10%,,60.00%,15000,25195.85,$75.00 ,,6,71,,Bachelors
 Troy University - Troy,5 Weeks,#55,95.30%,,50.00%,10000,18805.05,$50.00 ,51,5.5,63,100,Bachelors
Marist College,4 Weeks,#10,63%,,78.00%,16950,43175.84,$50.00 ,,6.5,80,105,Bachelors
 Rollins College,3-4 Weeks,#1,50%,,70.00%,15000,58300,$0.00 ,,6.5,80,105,Bachelors
Fairleigh Dickinson University - Florham,5 Weeks,#45,84.60%,,50.00%,50500,29986.91,$50.00 ,53,6,70,100,Bachelors
University of Tampa,4 Weeks,#16,26%,,70.00%,16636,28784.9,$40.00 ,,6.5,79,110,Bachelors
University of Hartford,4-5 Weeks,#304,78.80%,,70.00%,17208,46218.28,$0.00 ,58,6.5,80,110,Bachelors
Central Washington University,3-4 Weeks,#37,88.40%,,60.00%,13787,23934.45,$75.00 ,50,6,71,100,Bachelors
Radford University,2-3 Weeks,#304,95.30%,,63.00%,10566,20306.99,$50.00 ,50,6,68,95,Bachelors
Wilkes University,3-4 Weeks,#269,94.80%,,63.00%,15410,34874.11,$0.00 – $40.00 ,42,5.5,60,85,Bachelors
Western New England University,5 Weeks,#236,94.80%,,63.00%,14430,42823.73,$40.00 – $50.00 ,53,6,79,105,Bachelors
Chatham University,4 Weeks,#209,73.40%,,70.00%,14400,38482,$0.00 ,53,6.5,79,105,Bachelors
Sacred Heart University,4-5 Weeks,#209,66.10%,,70.00%,14000,44377.53,$0.00 – $115.00 ,62,6.5,80,110,Bachelors
University of Bridgeport,3-4 Weeks,#389,73.10%,,63.00%,10000,27938.39,$0.00 ,53,6,75,90,Bachelors
Webster University (WU) - St. Louis,3-4 Weeks,#32,59.40%,,63.00%,13000,23217.09,$0.00 ,53,6,80,110,Bachelors
Southern Utah University,4 Weeks,#60,88.70%,,60.00%,10314,21241.96,$60.00 ,,6,71,105,Bachelors
Roosevelt University,3-4 Weeks,#390,92.30%,,60.00%,12000,29580.51,$0.00 ,,6,80,110,Bachelors
Ohio Northern University,4 Weeks,#2,69%,,70.00%,12650,38713.1,$0.00 ,55,6,79,100,Bachelors
Pacific Lutheran University,4-5 Weeks,#25,88.40%,,70.00%,12448,48673.93,$0.00 ,56,6.5,79,110,Bachelors
St. Catherine University,4-5 Weeks,#216,74.90%,,50.00%,18000,47085.07,$0.00 ,,6,61,,Bachelors
 Merrimack College,3-4 Weeks,#33,80.30%,,60.00%,18974,45220.84,$0.00 ,53,6.5,79,105,Bachelors
University of Central Missouri - Warrensburg,2-3 Weeks,#67,75.80%,,60.00%,8962,12168.84,$75.00 ,,5.5,61,95,Bachelors
Marymount University,3-4 Weeks,#320,83.70%,,63.00%,16147,30329.76,$0.00 – $200.00 ,58,6,79,100,Bachelors
 University of La Verne,5 Weeks,#170,71.90%,,65.00%,15180,36359.74,$50.00 – $75.00 ,53,6.5,80,105,Bachelors
Austin Peay State University - Clarksville Campus,4 Weeks,#33,93.40%,,50.00%,16230,15458.54,$25.00 – $55.00 ,52,5.5,61,85,Bachelors
Ohio Wesleyan University,4-5 Weeks,#68,52%,,70.00%,16686,51149.3,$0.00 ,53,6.5,79,110,Bachelors
 University of North Alabama,3-4 Weeks,#33,90%,,60.00%,7060,22284.51,$100.00 ,46,5.5,61,90,Bachelors
Albion College,2-3 Weeks,#124,69.30%,,63.00%,12380,54084.78,$0.00 ,53,6.5,79,100,Bachelors
California Lutheran University,3-4 Weeks,#11,87%,,70.00%,14970,40442.21,$25.00 ,58,6.5,79,105,Bachelors
Muhlenberg College,5 Weeks,#70,67.80%,,78.00%,12800,59505,$50.00 ,,6.5,80,105,Bachelors
Millersville University,4 Weeks,#116,96.40%,,63.00%,12600,18411.01,$0.00 ,50,6,70,105,Bachelors
Southern New Hampshire University,4-5 Weeks,#151,92.10%,,60.00%,13015,15953.45,$0.00 – $20.00 ,50,6,71,105,Bachelors
University of the Incarnate Word,3-4 Weeks,#296,94.20%,,63.00%,13122,29989.62,$0.00 ,53,6.5,79,110,Bachelors
Goucher College,2-3 Weeks,#124,82.30%,,70.00%,13400,51000,$0.00 ,53,6.5,80,105,Bachelors
Mercy University - Dobbs Ferry,2-3 Weeks,#123,85.80%,,70.00%,18000,21236,$40.00 ,48,6,71,105,Bachelors
Johnson & Wales University - Providence,5 Weeks,#69,83%,,50.00%,14100,30863.18,$0.00 ,53,6,75,105,Bachelors
 Colorado Mesa University,4 Weeks,#20,64%,,60.00%,13150,22585.41,$40.00 – $50.00 ,,6,70,,Bachelors
Augustana University,3-4 Weeks,#17,71.80%,,77.00%,8862,38150,$0.00 ,50,6,79,105,Bachelors
University of Colorado - Denver,2-3 Weeks,#236,72%,,60.00%,14940,21271.9,$73.00 – $75.00 ,58,6.5,79,105,Bachelors
College of Saint Benedict and Saint John's University - College of Saint Benedict,5 Weeks,#73,85%,,77.00%,11922,53831.76,$0.00 ,53,6.5,80,105,Bachelors
 St. Edward's University,2-3 Weeks,#6,92.20%,,65.00%,13876,49897.96,$0.00 ,,6,71,110,Bachelors
Utica University,5 Weeks,#64,89.40%,,80.00%,14032,22584.82,$50.00 – $60.00 ,53,6,79,100,Bachelors
Hult International Business School - Boston,4 Weeks,#97,44%,,60.00%,21400,57475,$95.00 ,59,6,80,105,Bachelors
 University of Findlay,3-4 Weeks,#332,83.60%,,63.00%,9600,32172.21,$75.00 ,50,6,61,95,Bachelors
University of Wisconsin - Superior,4-5 Weeks,#12,83%,,63.00%,6830,16605,$50.00 ,47,5.5,61,100,Bachelors
Whittier College,3-4 Weeks,#93,82.50%,,60.00%,14878,48924,$0.00 ,53,6.5,80,105,Bachelors
 University of Jamestown,2-3 Weeks,#112,75.80%,,60.00%,13503,24000,$0.00 ,,6,70,105,Bachelors
Lewis University - Chicago,3-4 Weeks,#1,71.30%,,70.00%,12345,37592,$0.00 ,52,6.5,79,105,Bachelors
 Bay Atlantic University,5 Weeks,#49,58%,,60.00%,27000,17328.57,$0.00 ,48,5.5,70,75,Bachelors
Capitol Technology University,4 Weeks,#395,47%,,60.00%,22118,26088,$50.00 ,,6.5,80,115,Bachelors
Plymouth State University,4-5 Weeks,#130,91.70%,,63.00%,15961,23056.56,$50.00 – $75.00 ,,6,71,100,Bachelors
North Park University - Chicago,3-4 Weeks,#30,67.10%,,63.00%,10915,33933.38,$0.00 ,53,6,68,105,Bachelors
Berkeley College - Newark,2-3 Weeks,#151,90%,,50.00%,12000,25932.67,$50.00 ,43,5.5,61,90,Bachelors
Regis College,2-3 Weeks,#45,89.10%,,60.00%,17080,45791.58,$0.00 ,58,6.5,80,105,Bachelors
Drury University,5 Weeks,#26,65.40%,,70.00%,11000,33900,$0.00 ,,5.5,62,90,Bachelors
Brenau University - Gainesville,4 Weeks,#394,89.10%,,65.00%,16375,31000,$0.00 ,,5.5,59,85,Bachelors
Brenau University - Gainesville - Women's College,3-4 Weeks, #394,89%,,65.00%,16375,31005,$0.00 – $100.00 ,,5.5,59,85,Bachelors
Trine University,2-3 Weeks,#14,78.50%,,63.00%,12000,33316.19,$0.00 ,50,6,71,95,Bachelors
North Central College,5 Weeks,#24,61%,,63.00%,61651,43825.89,$0.00 – $100.00 ,58,6.5,79,,Bachelors
Graceland University - Lamoni,2-3 Weeks,#121,66.60%,,63.00%,10100,31250,$50.00 ,,6,62,90,Bachelors
Concordia University Chicago,5 Weeks,#101,87.80%,,70.00%,20880,32300.23,$0.00 ,,6,72,95,Bachelors
Lees-McRae College,4 Weeks,#28,59.20%,,63.00%,12200,28790,$0.00 ,,6.5,80,110,Bachelors
Manhattanville College,4-5 Weeks,#80,82.90%,,65.00%,14520,31605.71,$40.00 – $75.00 ,,6.5,80,105,Bachelors
Saint Martin's University,3-4 Weeks,#33,71.60%,,63.00%,13390,38021.56,$0.00 – $60.00 ,48,6,71,95,Bachelors
SUNY Cobleskill,2-3 Weeks,#12,81%,,60.00%,17500,16980,$50.00 ,45,5.5,61,90,Bachelors
Bard College at Simon's Rock,3-4 Weeks,#32,34%,,63.00%,17200,61600,$0.00 ,65,7,100,120,Bachelors
William Jewell College,5 Weeks,#8,47%,,70.00%,11381,18600,$0.00 – $60.00 ,,6.5,79,105,Bachelors
 Madonna University - Livonia,4 Weeks,#84,52.30%,,66.00%,19260,24869.29,$0.00 ,,6,70,,Bachelors
Ohio Dominican University,4-5 Weeks,#95,53.50%,,60.00%,15900,29095.09,$0.00 ,,6,70,100,Bachelors
Pacific Oaks College,3-4 Weeks,#1594,13%,,60.00%,10000,15912,$55.00 ,50,6,79,105,Bachelors
University of the West,2-3 Weeks,,,,63.00%,12760,15008,$100.00 ,,5.5,69,,Bachelors
 Westcliff University - Irvine,2-3 Weeks,#401,72%,,60.00%,14400,16847.33,$50.00 ,50,5.5,60,95,Bachelors
Washington University of Science and Technology (formerly IGlobal University),5 Weeks,#32,100%,,50.00%,12000,12555,$75.00 ,50,6,78,110,Bachelors
 The Chicago School,4 Weeks, #12,37%,,60.00%,20000,16780.36,$50.00 ,44,5.5,61,95,Bachelors
Atlantis University,3-4 Weeks,#263,100%,,60.00%,20000,15339.68,$0.00 ,,6,70,100,Bachelors
 LIM College,2-3 Weeks,#1732,84.30%,,50.00%,18000,29476.71,$40.00 ,55,6.5,80,,Bachelors
Concordia University - St. Paul,5 Weeks, #92,54.90%,,50.00%,10200,23914.29,$0.00 ,46,5.5,59,90,Bachelors
Tennessee Tech University,2-3 Weeks, #249,79.10%,,63.00%,12000,27891.31,$0.00 ,52,5.5,61,85,Bachelors
American University of Health Sciences (AUHS),5 Weeks,#623,100%,,70.00%,15584,36504.4,$200.00 ,,6,80,,Bachelors
 Johns Hopkins University,4 Weeks, #9,7.50%,,,, 62840,,,,,,Bachelors
Colorado State University,4-5 Weeks, #151,89.60%,,,, 34516,,,,,,Bachelors
Oregon State University,3-4 Weeks, #142,89.20%,,,, 37290,,,,,,Bachelors
University of California Riverside - College of Engineering,2-3 Weeks,#404,65%,,,, 32941,,,,,,Bachelors
University of Delaware,3-4 Weeks,#498,72.30%,,,, 60988,,,,,,Bachelors
University of Alabama at Birmingham,5 Weeks, #142,88.50%,,,, 29730,,,,,,Bachelors
University of Cincinnati,4 Weeks, #142,84.80%,,,, 28144,,,,,,Bachelors
Virginia Commonwealth University,3-4 Weeks, #142,92.80%,,,, 27000,,,,,,Bachelors
George Mason University,2-3 Weeks, #105,91.30%,,,, 35060,,,,,,Bachelors
Worcester Polytechnic Institute,2-3 Weeks, #82,60.20%,,,, 24150,,,,,,Bachelors
Drexel University,5 Weeks, #98,82.60%,,,, 36894,,,,,,Bachelors
"Florida International University, Florida",4 Weeks, #124,64%,,,, 24948,,,,,,Bachelors
"The University of Alabama, Tuscaloosa",3-4 Weeks, #170,78.90%,,,, 32400,,,,,,Bachelors
University of North Texas - Frisco,2-3 Weeks,#260,81%,,,,  18504,,,,,,Bachelors
"University of Albany, The State University of New York, Albany (SUNY Albany)",2-3 Weeks, #133,68%,,,, 30621,,,,,,Bachelors
University of Louisville,3-4 Weeks, #195,81.40%,,,, 14083,,,,,,Bachelors
University of New Hampshire,5 Weeks, #115,86.70%,,,,  41000,,,,,,Bachelors
Mississippi State University,4 Weeks,#216,76.10%,,,,  25444,,,,,,Bachelors
"Jefferson University, St, Philadelphia, Pennsylvania",4-5 Weeks, #142.,78%,,,, 43100,,,,,,Bachelors
 Saint Louis University,3-4 Weeks, #105,70%,,,, 53020,,,,,,Bachelors
University of Maryland Baltimore County,3-4 Weeks, #133,81.20%,,,, 25120,,,,,,Bachelors
University of Massachusetts Boston ,4 Weeks, #216,78.90%,,,, 28360,,,,,,Bachelors
Ohio University,3-4 Weeks, #178,88.60%,,,, 23720,,,,,,Bachelors
American University Washington D.C.,5 Weeks, #105,64.10%,,,, 57300,,,,,,Bachelors
University of Toledo,4 Weeks, #280,96.50%,,,, 22546,,,,,,Bachelors
Missouri University of Science and Technology,4-5 Weeks, #185,85.40%,,,, 31862,,,,,,Bachelors
University of Massachusetts Lowell (UMass Lowell),4-5 Weeks, #159,84.60%,,,,  37853,,,,,,Bachelors
Marquette University,3-4 Weeks, #86,86.30%,,,, 42000,,,,,,Bachelors
The University of Memphis,3-4 Weeks, #269,95.20%,,,,  19242,,,,,,Bachelors
San Jose State University,4 Weeks, #4,84.40%,,,, 16906,,,,,,Bachelors
Texas State University,3-4 Weeks, #280,53%,,,, 15600,,,,,,Bachelors
"California State University, Northridge",5 Weeks,#25,68%,,,,  16374,,,,,,Bachelors
Florida Institute Of Technology,4 Weeks, #269,65.90%,,,, 22738,,,,,,Bachelors
Wright State University,4-5 Weeks, #394,96%,,,,  20906,,,,,,Bachelors
Rowan University,3-4 Weeks, #163,83.80%,,,, 24350,,,,,,Bachelors
University of Colorado Colorado Springs,4 Weeks, #395,95.30%,,,, 26500,,,,,,Bachelors
Kennesaw State University,2-3 Weeks, #394,81.60%,,,,  60780,,,,,,Bachelors
University of Nebraska at Omaha,5 Weeks, #304,87.20%,,,, 23237,,,,,,Bachelors
 Western Washington University,4 Weeks, #24,96%,,,, 26894,,,,,,Bachelors
Ball State University,3-4 Weeks,#216,68.20%,,,, 23672,,,,,,Bachelors
University of Massachusetts Dartmouth,2-3 Weeks, #209,92.20%,,,, 31750,,,,,,Bachelors
Embry Riddle Aeronautical University,5 Weeks, #6,65%,,,,  42279,,,,,,Bachelors
"California State University, Los Angeles - Extension",2-3 Weeks, #21,90%,,,, 6205,,,,,,Bachelors
Texas A & M University - Corpus Christi,5 Weeks, #395,,,,,  23937,,,,,,Bachelors
Yeshiva University,4 Weeks, #105,62.70%,,,,  20910,,,,,,Bachelors
University of South Alabama,4-5 Weeks, #382,70.80%,,,,  17232,,,,,,Bachelors
"California State University, Fresno",3-4 Weeks,#185,97.30%,,,, 16430,,,,,,Bachelors
"Grand Valley State University, Michigan",2-3 Weeks, #235,91.70%,,,, 19296,,,,,,Bachelors
Marshall University,3-4 Weeks, #332,97.80%,,,, 21886,,,,,,Bachelors
Eastern Michigan University,5 Weeks, #376,84.60%,,,, 15910,,,,,,Bachelors
University of Wisconsin-Eau Claire,4 Weeks, #21,77.50%,,,, 17621,,,,,,Bachelors
"California State University, East Bay",4-5 Weeks,#280,82.40%,,,, 16509,,,,,,Bachelors
The State University of New York at New Paltz (SUNY New Paltz),3-4 Weeks, #24,46.10%,,,,  18380,,,,,,Bachelors
Suffolk University,2-3 Weeks, #249,88%,,,, 54912,,,,,,Bachelors
Claremont Graduate University,2-3 Weeks,#117,35%,,,, 59400,,,,,,Bachelors
Long Island University Post,5 Weeks, #369,93.30%,,,,  39458,,,,,,Bachelors
"California State University, Dominguez Hills",4 Weeks,#19,89.60%,,,, 18411,,,,,,Bachelors
Indiana University of Pennsylvania,3-4 Weeks, #320,94.20%,,,, 24365,,,,,,Bachelors
The Catholic University of America,4 Weeks, #178,86%,,,, 22500,,,,,,Bachelors
State University of New York Oswego,3-4 Weeks,#201,79.60%,,,,  18679,,,,,,Bachelors
"California State University, Bakersfield",5 Weeks,#34,85.20%,,,, 16920,,,,,,Bachelors
Weber State University,4 Weeks, #59,100%,,,, 17092,,,,,,Bachelors
Valparaiso University,4-5 Weeks, #201,93.20%,,,,  45136,,,,,,Bachelors
Youngstown State University,4-5 Weeks, #101,78.10%,,,, 11300,,,,,,Bachelors
Western Illinois University - Quad Cities,3-4 Weeks,#38,57%,,,, 17200,,,,,,Bachelors
"California State University, Stanislaus",3-4 Weeks,#10,94.80%,,,, 16580,,,,,,Bachelors
Rider University,4 Weeks, #33,81.90%,,,, 15300,,,,,,Bachelors
The University of Scranton,3-4 Weeks, #5,84%,,,, 23460,,,,,,Bachelors
Western Illinois University - Macomb,5 Weeks, #38,72.50%,,,, 17200,,,,,,Bachelors
University of Michigan-Flint,4 Weeks, #390,73.90%,,,, 25074,,,,,,Bachelors
"California State University, Channel Islands",4-5 Weeks,#28,93%,,,, 19744,,,,,,Bachelors
University Of Central Oklahoma,3-4 Weeks, #67,81.30%,,,,  17000,,,,,,Bachelors
Massachusetts College of Pharmacy and Health Sciences,4 Weeks,#402,97.70%,,,, 33060,,,,,,Bachelors
Southeast Missouri State University,2-3 Weeks, #88,93%,,,,  16395,,,,,,Bachelors
University of Wisconsin-Stout,5 Weeks, #67,91.40%,,,, 18477,,,,,,Bachelors
Lawrence Technological University,4 Weeks, #53,81.10%,,,, 21500,,,,,,Bachelors
Auburn University at Montgomery,3-4 Weeks, #63,96.80%,,,, 19143,,,,,,Bachelors
Truman State University,2-3 Weeks, #5,61%,,,, 17532,,,,,,Bachelors
 University of Illinois Springfield,5 Weeks, #24,79.50%,,,, 16362,,,,,,Bachelors
Drew University,2-3 Weeks, #93,79.70%,,,, 45860,,,,,,Bachelors
Governors State University,5 Weeks, #149,52.10%,,,, 15024,,,,,,Bachelors
California Baptist University,4 Weeks, #30,63.70%,,,, 34918,,,,,,Bachelors
Slippery Rock University,4-5 Weeks, #50,79.50%,,,,  15432,,,,,,Bachelors
Dakota State University,3-4 Weeks, #95,85.60%,,,, 10500,,,,,,Bachelors
Milwaukee School of Engineering,2-3 Weeks, #2,63%,,,, 48421,,,,,,Bachelors
"State University of New York, Fredonia",3-4 Weeks, #95,90.70%,,,, 16980,,,,,,Bachelors
Park University,5 Weeks, #149,69%,,,,  10872,,,,,,Bachelors
"State University of New York, Geneseo (SUNY Geneseo)",4 Weeks, #12,73.90%,,,, 18837,,,,,,Bachelors
Saint Mary's College of California,4-5 Weeks,#4,88%,,,, 55634,,,,,,Bachelors
Augustana University,3-4 Weeks, #17,71.80%,,,, 36332,,,,,,Bachelors
"Hult International Business School Boston,San Francisco campus",2-3 Weeks,#97,44%,,,, 55000,,,,,,Bachelors
Texas Wesleyan University,2-3 Weeks, #395,57.50%,,,, 36128,,,,,,Bachelors
 Lipscomb University,5 Weeks, #236,74%,,,, 38824,,,,,,Bachelors
University of Mary Hardin-Baylor,4 Weeks, #394,99.30%,,,, 33150,,,,,,Bachelors
Saint leo University,3-4 Weeks, #390,70.70%,,,, 26240,,,,,,Bachelors
Lewis University,2-3 Weeks, #13,71.30%,,,, 16200,,,,,,Bachelors
Nebraska Wesleyan University,5 Weeks, #38,81.80%,,,,  38898,,,,,,Bachelors
Savannah College of Art and Design - Savannah,4 Weeks,#16,80.80%,,,,  38340,,,,,,Bachelors
The University of Findlay,3-4 Weeks, #332,83.60%,,,,  18606,,,,,,Bachelors
York College of Pennsylvania,5 Weeks,#80,77.70%,,,,  24606,,,,,,Bachelors
Northwest Missouri State University,4 Weeks, #76,73%,,,,  18489,,,,,,Bachelors
State University of New York at Old Westbury,3-4 Weeks, #94,76.60%,,,, 16980,,,,,,Bachelors
New York Film Academy,,,,,,, 25704,,,,,,Bachelors
DeVry University,,,,,,, 18050,,,,,,Bachelors
The Culinary Institute of America,,,,,,, 36000,,,,,,Bachelors
Franklin University,,,,,,, 11296,,,,,,Bachelors
Academy of Art University,,,,,,, 30528,,,,,,Bachelors
Golden Gate University,,,,,,, 20370,,,,,,Bachelors
Full Sail University,,,,,,, 21125,,,,,,Bachelors
Dallas Baptist University,,,,,,, 36510,,,,,,Bachelors
Mississippi College,,,,,,, 21698,,,,,,Bachelors
Santa Ana College,,,,,,, 8136,,,,,,Bachelors
Seattle Colleges,,,,,,, 9948,,,,,,Bachelors
New England College,,,,,,,  40178,,,,,,Bachelors
Northwood University,,,,,,, 30020,,,,,,Bachelors
Northwest Executive Education - Northwood University,,,,,,, 31400,,,,,,Bachelors
Monroe College,,,,,,, 12704,,,,,,Bachelors
"Berkeley College, New York",,,,,,, 28600,,,,,,Bachelors
City University of Seattle,,,,,,, 21092,,,,,,Bachelors
Felician University,,,,,,, 35700,,,,,,Bachelors
Upper Iowa University,,,,,,, 19000,,,,,,Bachelors
New England Institute of Technology,,,,,,, 32100,,,,,,Bachelors
ONCAMPUS Boston - Curry College,,,,,,,  43670,,,,,,Bachelors
Rivier University,,,,,,, 10206,,,,,,Bachelors
Charleston Southern University,,,,,,,  29490,,,,,,Bachelors
Fisher College,,,,,,, 35013,,,,,,Bachelors
William Jessup University,,,,,,,36000,,,,,,Bachelors
Tiffin University,,,,,,,28620,,,,,,Bachelors
Midway University,,,,,,,34300,,,,,,Bachelors
Johnson & Wales University - Charlotte,,,,,,,39792,,,,,,Bachelors
Ottawa University,,,,,,,18815,,,,,,Bachelors
University of North Florida,,,,,,,20793,,,,,,Bachelors
Bryant University,,,,,,,38749,,,,,,Bachelors
Johns Hopkins University,,,,,77.00%,16946,58720,$75.00 ,,7,100,,Masters
"University of California, Irvine",,,,,77.00%,14506,57600,,,6.5,95,,Masters
Clark University,,,,,70.00%,13000,18630,$75.00 ,61,6.5,85,120,Masters
Tulane University,,,,,60%,12712,57060,$0.00 ,,6.5,80,,Masters
University of Central Florida - UCF Downtown,,,,,77.00%,15804,21603,$31.00 ,,6.5,80,,Masters
Worcester Polytechnic Institute,,,,,77.00%,17186,19080,$70.00 ,,7,90,115,Masters
Middlebury Institute of International Studies,,,,,77.00%,18000,46556,$65.00 ,,6.5,80,,Masters
Alliant International University - San Diego,,,,,70.00%,22500,21043.2,$65.00 ,50,6,70,95,Masters
